feature,stability_percentage,avg_coefficient_magnitude
TMEM210,100.0,0.0036832603679293934
USP17L7,100.0,0.0016097148263376551
PLXNA4,100.0,0.00035931191651376816
LINC01565,100.0,0.0002235153699986961
PLSCR1,100.0,0.0
TOB1,100.0,0.0
MAP1LC3B,100.0,0.0
HTATIP2,100.0,0.0
TAGLN2,100.0,0.0
CAPZA3,100.0,0.0
ABCA7,100.0,0.0
FN3KRP,100.0,0.0
FAM210A,100.0,0.0
PCCA,100.0,0.0
ALDH2,100.0,0.0
SLC17A4,100.0,0.0
RTN3,100.0,0.0
TMBIM1,100.0,0.0
LRP2,100.0,0.0
RIOK3,100.0,0.0
